--
-- PostgreSQL database dump
--

-- Dumped from database version 16.9 (Debian 16.9-1.pgdg120+1)
-- Dumped by pg_dump version 17.5

SET statement_timeout = 0;
SET lock_timeout = 0;
SET idle_in_transaction_session_timeout = 0;
SET transaction_timeout = 0;
SET client_encoding = 'UTF8';
SET standard_conforming_strings = on;
SELECT pg_catalog.set_config('search_path', '', false);
SET check_function_bodies = false;
SET xmloption = content;
SET client_min_messages = warning;
SET row_security = off;

SET default_tablespace = '';

SET default_table_access_method = heap;

--
-- Name: auth_group; Type: TABLE; Schema: public; Owner: postgres
--

CREATE TABLE public.auth_group (
    id integer NOT NULL,
    name character varying(150) NOT NULL
);


ALTER TABLE public.auth_group OWNER TO postgres;

--
-- Name: auth_group_id_seq; Type: SEQUENCE; Schema: public; Owner: postgres
--

ALTER TABLE public.auth_group ALTER COLUMN id ADD GENERATED BY DEFAULT AS IDENTITY (
    SEQUENCE NAME public.auth_group_id_seq
    START WITH 1
    INCREMENT BY 1
    NO MINVALUE
    NO MAXVALUE
    CACHE 1
);


--
-- Name: auth_group_permissions; Type: TABLE; Schema: public; Owner: postgres
--

CREATE TABLE public.auth_group_permissions (
    id bigint NOT NULL,
    group_id integer NOT NULL,
    permission_id integer NOT NULL
);


ALTER TABLE public.auth_group_permissions OWNER TO postgres;

--
-- Name: auth_group_permissions_id_seq; Type: SEQUENCE; Schema: public; Owner: postgres
--

ALTER TABLE public.auth_group_permissions ALTER COLUMN id ADD GENERATED BY DEFAULT AS IDENTITY (
    SEQUENCE NAME public.auth_group_permissions_id_seq
    START WITH 1
    INCREMENT BY 1
    NO MINVALUE
    NO MAXVALUE
    CACHE 1
);


--
-- Name: auth_permission; Type: TABLE; Schema: public; Owner: postgres
--

CREATE TABLE public.auth_permission (
    id integer NOT NULL,
    name character varying(255) NOT NULL,
    content_type_id integer NOT NULL,
    codename character varying(100) NOT NULL
);


ALTER TABLE public.auth_permission OWNER TO postgres;

--
-- Name: auth_permission_id_seq; Type: SEQUENCE; Schema: public; Owner: postgres
--

ALTER TABLE public.auth_permission ALTER COLUMN id ADD GENERATED BY DEFAULT AS IDENTITY (
    SEQUENCE NAME public.auth_permission_id_seq
    START WITH 1
    INCREMENT BY 1
    NO MINVALUE
    NO MAXVALUE
    CACHE 1
);


--
-- Name: django_admin_log; Type: TABLE; Schema: public; Owner: postgres
--

CREATE TABLE public.django_admin_log (
    id integer NOT NULL,
    action_time timestamp with time zone NOT NULL,
    object_id text,
    object_repr character varying(200) NOT NULL,
    action_flag smallint NOT NULL,
    change_message text NOT NULL,
    content_type_id integer,
    user_id bigint NOT NULL,
    CONSTRAINT django_admin_log_action_flag_check CHECK ((action_flag >= 0))
);


ALTER TABLE public.django_admin_log OWNER TO postgres;

--
-- Name: django_admin_log_id_seq; Type: SEQUENCE; Schema: public; Owner: postgres
--

ALTER TABLE public.django_admin_log ALTER COLUMN id ADD GENERATED BY DEFAULT AS IDENTITY (
    SEQUENCE NAME public.django_admin_log_id_seq
    START WITH 1
    INCREMENT BY 1
    NO MINVALUE
    NO MAXVALUE
    CACHE 1
);


--
-- Name: django_content_type; Type: TABLE; Schema: public; Owner: postgres
--

CREATE TABLE public.django_content_type (
    id integer NOT NULL,
    app_label character varying(100) NOT NULL,
    model character varying(100) NOT NULL
);


ALTER TABLE public.django_content_type OWNER TO postgres;

--
-- Name: django_content_type_id_seq; Type: SEQUENCE; Schema: public; Owner: postgres
--

ALTER TABLE public.django_content_type ALTER COLUMN id ADD GENERATED BY DEFAULT AS IDENTITY (
    SEQUENCE NAME public.django_content_type_id_seq
    START WITH 1
    INCREMENT BY 1
    NO MINVALUE
    NO MAXVALUE
    CACHE 1
);


--
-- Name: django_migrations; Type: TABLE; Schema: public; Owner: postgres
--

CREATE TABLE public.django_migrations (
    id bigint NOT NULL,
    app character varying(255) NOT NULL,
    name character varying(255) NOT NULL,
    applied timestamp with time zone NOT NULL
);


ALTER TABLE public.django_migrations OWNER TO postgres;

--
-- Name: django_migrations_id_seq; Type: SEQUENCE; Schema: public; Owner: postgres
--

ALTER TABLE public.django_migrations ALTER COLUMN id ADD GENERATED BY DEFAULT AS IDENTITY (
    SEQUENCE NAME public.django_migrations_id_seq
    START WITH 1
    INCREMENT BY 1
    NO MINVALUE
    NO MAXVALUE
    CACHE 1
);


--
-- Name: django_session; Type: TABLE; Schema: public; Owner: postgres
--

CREATE TABLE public.django_session (
    session_key character varying(40) NOT NULL,
    session_data text NOT NULL,
    expire_date timestamp with time zone NOT NULL
);


ALTER TABLE public.django_session OWNER TO postgres;

--
-- Name: order_basketitem; Type: TABLE; Schema: public; Owner: postgres
--

CREATE TABLE public.order_basketitem (
    id bigint NOT NULL,
    count integer NOT NULL,
    added_at timestamp with time zone NOT NULL,
    product_id bigint NOT NULL,
    user_id bigint NOT NULL,
    CONSTRAINT order_basketitem_count_check CHECK ((count >= 0))
);


ALTER TABLE public.order_basketitem OWNER TO postgres;

--
-- Name: order_basketitem_id_seq; Type: SEQUENCE; Schema: public; Owner: postgres
--

ALTER TABLE public.order_basketitem ALTER COLUMN id ADD GENERATED BY DEFAULT AS IDENTITY (
    SEQUENCE NAME public.order_basketitem_id_seq
    START WITH 1
    INCREMENT BY 1
    NO MINVALUE
    NO MAXVALUE
    CACHE 1
);


--
-- Name: order_deliverysettings; Type: TABLE; Schema: public; Owner: postgres
--

CREATE TABLE public.order_deliverysettings (
    id bigint NOT NULL,
    express_cost numeric(10,2) NOT NULL,
    regular_cost numeric(10,2) NOT NULL,
    free_from numeric(10,2) NOT NULL
);


ALTER TABLE public.order_deliverysettings OWNER TO postgres;

--
-- Name: order_deliverysettings_id_seq; Type: SEQUENCE; Schema: public; Owner: postgres
--

ALTER TABLE public.order_deliverysettings ALTER COLUMN id ADD GENERATED BY DEFAULT AS IDENTITY (
    SEQUENCE NAME public.order_deliverysettings_id_seq
    START WITH 1
    INCREMENT BY 1
    NO MINVALUE
    NO MAXVALUE
    CACHE 1
);


--
-- Name: order_order; Type: TABLE; Schema: public; Owner: postgres
--

CREATE TABLE public.order_order (
    id bigint NOT NULL,
    "createdAt" timestamp with time zone NOT NULL,
    "fullName" character varying(255) NOT NULL,
    email character varying(254) NOT NULL,
    phone character varying(20) NOT NULL,
    "deliveryType" character varying(50) NOT NULL,
    "paymentType" character varying(50) NOT NULL,
    "totalCost" numeric(10,2) NOT NULL,
    status character varying(50) NOT NULL,
    city character varying(100) NOT NULL,
    address character varying(255) NOT NULL,
    user_id bigint NOT NULL
);


ALTER TABLE public.order_order OWNER TO postgres;

--
-- Name: order_order_id_seq; Type: SEQUENCE; Schema: public; Owner: postgres
--

ALTER TABLE public.order_order ALTER COLUMN id ADD GENERATED BY DEFAULT AS IDENTITY (
    SEQUENCE NAME public.order_order_id_seq
    START WITH 1
    INCREMENT BY 1
    NO MINVALUE
    NO MAXVALUE
    CACHE 1
);


--
-- Name: order_order_products; Type: TABLE; Schema: public; Owner: postgres
--

CREATE TABLE public.order_order_products (
    id bigint NOT NULL,
    order_id bigint NOT NULL,
    orderitem_id bigint NOT NULL
);


ALTER TABLE public.order_order_products OWNER TO postgres;

--
-- Name: order_order_products_id_seq; Type: SEQUENCE; Schema: public; Owner: postgres
--

ALTER TABLE public.order_order_products ALTER COLUMN id ADD GENERATED BY DEFAULT AS IDENTITY (
    SEQUENCE NAME public.order_order_products_id_seq
    START WITH 1
    INCREMENT BY 1
    NO MINVALUE
    NO MAXVALUE
    CACHE 1
);


--
-- Name: order_orderitem; Type: TABLE; Schema: public; Owner: postgres
--

CREATE TABLE public.order_orderitem (
    id bigint NOT NULL,
    count integer NOT NULL,
    order_id bigint NOT NULL,
    product_id bigint NOT NULL,
    CONSTRAINT order_orderitem_count_check CHECK ((count >= 0))
);


ALTER TABLE public.order_orderitem OWNER TO postgres;

--
-- Name: order_orderitem_id_seq; Type: SEQUENCE; Schema: public; Owner: postgres
--

ALTER TABLE public.order_orderitem ALTER COLUMN id ADD GENERATED BY DEFAULT AS IDENTITY (
    SEQUENCE NAME public.order_orderitem_id_seq
    START WITH 1
    INCREMENT BY 1
    NO MINVALUE
    NO MAXVALUE
    CACHE 1
);


--
-- Name: product_category; Type: TABLE; Schema: public; Owner: postgres
--

CREATE TABLE public.product_category (
    id bigint NOT NULL,
    title character varying(255) NOT NULL,
    image_id bigint,
    parent_id bigint
);


ALTER TABLE public.product_category OWNER TO postgres;

--
-- Name: product_category_id_seq; Type: SEQUENCE; Schema: public; Owner: postgres
--

ALTER TABLE public.product_category ALTER COLUMN id ADD GENERATED BY DEFAULT AS IDENTITY (
    SEQUENCE NAME public.product_category_id_seq
    START WITH 1
    INCREMENT BY 1
    NO MINVALUE
    NO MAXVALUE
    CACHE 1
);


--
-- Name: product_product; Type: TABLE; Schema: public; Owner: postgres
--

CREATE TABLE public.product_product (
    id bigint NOT NULL,
    title character varying(255) NOT NULL,
    standart_price numeric(10,2) NOT NULL,
    count integer NOT NULL,
    date timestamp with time zone NOT NULL,
    description text NOT NULL,
    "fullDescription" text NOT NULL,
    "freeDelivery" boolean NOT NULL,
    rating integer NOT NULL,
    category_id bigint NOT NULL,
    "limitedEdition" boolean NOT NULL,
    sort_index integer NOT NULL,
    CONSTRAINT product_product_count_62896ce5_check CHECK ((count >= 0))
);


ALTER TABLE public.product_product OWNER TO postgres;

--
-- Name: product_product_id_seq; Type: SEQUENCE; Schema: public; Owner: postgres
--

ALTER TABLE public.product_product ALTER COLUMN id ADD GENERATED BY DEFAULT AS IDENTITY (
    SEQUENCE NAME public.product_product_id_seq
    START WITH 1
    INCREMENT BY 1
    NO MINVALUE
    NO MAXVALUE
    CACHE 1
);


--
-- Name: product_product_images; Type: TABLE; Schema: public; Owner: postgres
--

CREATE TABLE public.product_product_images (
    id bigint NOT NULL,
    product_id bigint NOT NULL,
    image_id bigint NOT NULL
);


ALTER TABLE public.product_product_images OWNER TO postgres;

--
-- Name: product_product_images_id_seq; Type: SEQUENCE; Schema: public; Owner: postgres
--

ALTER TABLE public.product_product_images ALTER COLUMN id ADD GENERATED BY DEFAULT AS IDENTITY (
    SEQUENCE NAME public.product_product_images_id_seq
    START WITH 1
    INCREMENT BY 1
    NO MINVALUE
    NO MAXVALUE
    CACHE 1
);


--
-- Name: product_product_reviews; Type: TABLE; Schema: public; Owner: postgres
--

CREATE TABLE public.product_product_reviews (
    id bigint NOT NULL,
    product_id bigint NOT NULL,
    review_id bigint NOT NULL
);


ALTER TABLE public.product_product_reviews OWNER TO postgres;

--
-- Name: product_product_reviews_id_seq; Type: SEQUENCE; Schema: public; Owner: postgres
--

ALTER TABLE public.product_product_reviews ALTER COLUMN id ADD GENERATED BY DEFAULT AS IDENTITY (
    SEQUENCE NAME public.product_product_reviews_id_seq
    START WITH 1
    INCREMENT BY 1
    NO MINVALUE
    NO MAXVALUE
    CACHE 1
);


--
-- Name: product_product_specifications; Type: TABLE; Schema: public; Owner: postgres
--

CREATE TABLE public.product_product_specifications (
    id bigint NOT NULL,
    product_id bigint NOT NULL,
    specification_id bigint NOT NULL
);


ALTER TABLE public.product_product_specifications OWNER TO postgres;

--
-- Name: product_product_specifications_id_seq; Type: SEQUENCE; Schema: public; Owner: postgres
--

ALTER TABLE public.product_product_specifications ALTER COLUMN id ADD GENERATED BY DEFAULT AS IDENTITY (
    SEQUENCE NAME public.product_product_specifications_id_seq
    START WITH 1
    INCREMENT BY 1
    NO MINVALUE
    NO MAXVALUE
    CACHE 1
);


--
-- Name: product_product_tags; Type: TABLE; Schema: public; Owner: postgres
--

CREATE TABLE public.product_product_tags (
    id bigint NOT NULL,
    product_id bigint NOT NULL,
    tag_id bigint NOT NULL
);


ALTER TABLE public.product_product_tags OWNER TO postgres;

--
-- Name: product_product_tags_id_seq; Type: SEQUENCE; Schema: public; Owner: postgres
--

ALTER TABLE public.product_product_tags ALTER COLUMN id ADD GENERATED BY DEFAULT AS IDENTITY (
    SEQUENCE NAME public.product_product_tags_id_seq
    START WITH 1
    INCREMENT BY 1
    NO MINVALUE
    NO MAXVALUE
    CACHE 1
);


--
-- Name: product_review; Type: TABLE; Schema: public; Owner: postgres
--

CREATE TABLE public.product_review (
    id bigint NOT NULL,
    author character varying(255) NOT NULL,
    email character varying(254) NOT NULL,
    text text NOT NULL,
    rate integer NOT NULL,
    date timestamp with time zone NOT NULL
);


ALTER TABLE public.product_review OWNER TO postgres;

--
-- Name: product_review_id_seq; Type: SEQUENCE; Schema: public; Owner: postgres
--

ALTER TABLE public.product_review ALTER COLUMN id ADD GENERATED BY DEFAULT AS IDENTITY (
    SEQUENCE NAME public.product_review_id_seq
    START WITH 1
    INCREMENT BY 1
    NO MINVALUE
    NO MAXVALUE
    CACHE 1
);


--
-- Name: product_saleitem; Type: TABLE; Schema: public; Owner: postgres
--

CREATE TABLE public.product_saleitem (
    id bigint NOT NULL,
    "salePrice" numeric(10,2) NOT NULL,
    "dateFrom" character varying(10) NOT NULL,
    "dateTo" character varying(10) NOT NULL,
    product_id bigint NOT NULL
);


ALTER TABLE public.product_saleitem OWNER TO postgres;

--
-- Name: product_saleitem_id_seq; Type: SEQUENCE; Schema: public; Owner: postgres
--

ALTER TABLE public.product_saleitem ALTER COLUMN id ADD GENERATED BY DEFAULT AS IDENTITY (
    SEQUENCE NAME public.product_saleitem_id_seq
    START WITH 1
    INCREMENT BY 1
    NO MINVALUE
    NO MAXVALUE
    CACHE 1
);


--
-- Name: product_specification; Type: TABLE; Schema: public; Owner: postgres
--

CREATE TABLE public.product_specification (
    id bigint NOT NULL,
    name character varying(255) NOT NULL,
    value character varying(255) NOT NULL
);


ALTER TABLE public.product_specification OWNER TO postgres;

--
-- Name: product_specification_id_seq; Type: SEQUENCE; Schema: public; Owner: postgres
--

ALTER TABLE public.product_specification ALTER COLUMN id ADD GENERATED BY DEFAULT AS IDENTITY (
    SEQUENCE NAME public.product_specification_id_seq
    START WITH 1
    INCREMENT BY 1
    NO MINVALUE
    NO MAXVALUE
    CACHE 1
);


--
-- Name: product_tag; Type: TABLE; Schema: public; Owner: postgres
--

CREATE TABLE public.product_tag (
    id bigint NOT NULL,
    name character varying(100) NOT NULL
);


ALTER TABLE public.product_tag OWNER TO postgres;

--
-- Name: product_tag_id_seq; Type: SEQUENCE; Schema: public; Owner: postgres
--

ALTER TABLE public.product_tag ALTER COLUMN id ADD GENERATED BY DEFAULT AS IDENTITY (
    SEQUENCE NAME public.product_tag_id_seq
    START WITH 1
    INCREMENT BY 1
    NO MINVALUE
    NO MAXVALUE
    CACHE 1
);


--
-- Name: user_image; Type: TABLE; Schema: public; Owner: postgres
--

CREATE TABLE public.user_image (
    id bigint NOT NULL,
    src character varying(100) NOT NULL,
    alt character varying(255) NOT NULL
);


ALTER TABLE public.user_image OWNER TO postgres;

--
-- Name: user_image_id_seq; Type: SEQUENCE; Schema: public; Owner: postgres
--

ALTER TABLE public.user_image ALTER COLUMN id ADD GENERATED BY DEFAULT AS IDENTITY (
    SEQUENCE NAME public.user_image_id_seq
    START WITH 1
    INCREMENT BY 1
    NO MINVALUE
    NO MAXVALUE
    CACHE 1
);


--
-- Name: user_user; Type: TABLE; Schema: public; Owner: postgres
--

CREATE TABLE public.user_user (
    id bigint NOT NULL,
    password character varying(128) NOT NULL,
    last_login timestamp with time zone,
    is_superuser boolean NOT NULL,
    username character varying(150) NOT NULL,
    first_name character varying(150) NOT NULL,
    last_name character varying(150) NOT NULL,
    is_staff boolean NOT NULL,
    is_active boolean NOT NULL,
    date_joined timestamp with time zone NOT NULL,
    "fullName" character varying(255) NOT NULL,
    email character varying(254) NOT NULL,
    phone character varying(20) NOT NULL,
    avatar_id bigint
);


ALTER TABLE public.user_user OWNER TO postgres;

--
-- Name: user_user_groups; Type: TABLE; Schema: public; Owner: postgres
--

CREATE TABLE public.user_user_groups (
    id bigint NOT NULL,
    user_id bigint NOT NULL,
    group_id integer NOT NULL
);


ALTER TABLE public.user_user_groups OWNER TO postgres;

--
-- Name: user_user_groups_id_seq; Type: SEQUENCE; Schema: public; Owner: postgres
--

ALTER TABLE public.user_user_groups ALTER COLUMN id ADD GENERATED BY DEFAULT AS IDENTITY (
    SEQUENCE NAME public.user_user_groups_id_seq
    START WITH 1
    INCREMENT BY 1
    NO MINVALUE
    NO MAXVALUE
    CACHE 1
);


--
-- Name: user_user_id_seq; Type: SEQUENCE; Schema: public; Owner: postgres
--

ALTER TABLE public.user_user ALTER COLUMN id ADD GENERATED BY DEFAULT AS IDENTITY (
    SEQUENCE NAME public.user_user_id_seq
    START WITH 1
    INCREMENT BY 1
    NO MINVALUE
    NO MAXVALUE
    CACHE 1
);


--
-- Name: user_user_user_permissions; Type: TABLE; Schema: public; Owner: postgres
--

CREATE TABLE public.user_user_user_permissions (
    id bigint NOT NULL,
    user_id bigint NOT NULL,
    permission_id integer NOT NULL
);


ALTER TABLE public.user_user_user_permissions OWNER TO postgres;

--
-- Name: user_user_user_permissions_id_seq; Type: SEQUENCE; Schema: public; Owner: postgres
--

ALTER TABLE public.user_user_user_permissions ALTER COLUMN id ADD GENERATED BY DEFAULT AS IDENTITY (
    SEQUENCE NAME public.user_user_user_permissions_id_seq
    START WITH 1
    INCREMENT BY 1
    NO MINVALUE
    NO MAXVALUE
    CACHE 1
);


--
-- Data for Name: auth_group; Type: TABLE DATA; Schema: public; Owner: postgres
--

COPY public.auth_group (id, name) FROM stdin;
1	Покупатель
\.


--
-- Data for Name: auth_group_permissions; Type: TABLE DATA; Schema: public; Owner: postgres
--

COPY public.auth_group_permissions (id, group_id, permission_id) FROM stdin;
\.


--
-- Data for Name: auth_permission; Type: TABLE DATA; Schema: public; Owner: postgres
--

COPY public.auth_permission (id, name, content_type_id, codename) FROM stdin;
1	Can add log entry	1	add_logentry
2	Can change log entry	1	change_logentry
3	Can delete log entry	1	delete_logentry
4	Can view log entry	1	view_logentry
5	Can add permission	2	add_permission
6	Can change permission	2	change_permission
7	Can delete permission	2	delete_permission
8	Can view permission	2	view_permission
9	Can add group	3	add_group
10	Can change group	3	change_group
11	Can delete group	3	delete_group
12	Can view group	3	view_group
13	Can add content type	4	add_contenttype
14	Can change content type	4	change_contenttype
15	Can delete content type	4	delete_contenttype
16	Can view content type	4	view_contenttype
17	Can add session	5	add_session
18	Can change session	5	change_session
19	Can delete session	5	delete_session
20	Can view session	5	view_session
21	Can add user	6	add_user
22	Can change user	6	change_user
23	Can delete user	6	delete_user
24	Can view user	6	view_user
25	Can add image	7	add_image
26	Can change image	7	change_image
27	Can delete image	7	delete_image
28	Can view image	7	view_image
29	Can add review	8	add_review
30	Can change review	8	change_review
31	Can delete review	8	delete_review
32	Can view review	8	view_review
33	Can add specification	9	add_specification
34	Can change specification	9	change_specification
35	Can delete specification	9	delete_specification
36	Can view specification	9	view_specification
37	Can add tag	10	add_tag
38	Can change tag	10	change_tag
39	Can delete tag	10	delete_tag
40	Can view tag	10	view_tag
41	Can add category	11	add_category
42	Can change category	11	change_category
43	Can delete category	11	delete_category
44	Can view category	11	view_category
45	Can add sale item	12	add_saleitem
46	Can change sale item	12	change_saleitem
47	Can delete sale item	12	delete_saleitem
48	Can view sale item	12	view_saleitem
49	Can add product	13	add_product
50	Can change product	13	change_product
51	Can delete product	13	delete_product
52	Can view product	13	view_product
53	Can add basket item	14	add_basketitem
54	Can change basket item	14	change_basketitem
55	Can delete basket item	14	delete_basketitem
56	Can view basket item	14	view_basketitem
57	Can add order	15	add_order
58	Can change order	15	change_order
59	Can delete order	15	delete_order
60	Can view order	15	view_order
61	Can add Delivery settings	16	add_deliverysettings
62	Can change Delivery settings	16	change_deliverysettings
63	Can delete Delivery settings	16	delete_deliverysettings
64	Can view Delivery settings	16	view_deliverysettings
65	Can add order item	17	add_orderitem
66	Can change order item	17	change_orderitem
67	Can delete order item	17	delete_orderitem
68	Can view order item	17	view_orderitem
\.


--
-- Data for Name: django_admin_log; Type: TABLE DATA; Schema: public; Owner: postgres
--

COPY public.django_admin_log (id, action_time, object_id, object_repr, action_flag, change_message, content_type_id, user_id) FROM stdin;
1	2025-10-10 13:37:32.314571+00	1	Электронника	1	[{"added": {}}]	7	1
2	2025-10-10 13:37:36.664123+00	1	Электронника	1	[{"added": {}}]	11	1
3	2025-10-10 13:38:03.239973+00	2	Смартфоны	1	[{"added": {}}]	7	1
4	2025-10-10 13:38:07.07268+00	2	Смартфоны	1	[{"added": {}}]	11	1
5	2025-10-10 13:39:25.907535+00	3	samsung-galaxy-s9-1	1	[{"added": {}}]	7	1
6	2025-10-10 13:39:40.345922+00	4	samsung-s9-2	1	[{"added": {}}]	7	1
7	2025-10-10 13:39:59.761665+00	1	samsung	1	[{"added": {}}]	10	1
8	2025-10-10 13:40:10.024485+00	2	Galaxy	1	[{"added": {}}]	10	1
9	2025-10-10 13:40:24.810155+00	3	Amoled	1	[{"added": {}}]	10	1
10	2025-10-10 13:40:33.241255+00	4	Южная Корея	1	[{"added": {}}]	10	1
11	2025-10-10 13:40:43.181984+00	5	2018	1	[{"added": {}}]	10	1
12	2025-10-10 13:41:04.229264+00	1	Разрешение экрана: Quad HD+	1	[{"added": {}}]	9	1
13	2025-10-10 13:41:29.154646+00	2	Тип экрана: OLED	1	[{"added": {}}]	9	1
14	2025-10-10 13:41:59.655289+00	3	Процессор: Snapdragon 845	1	[{"added": {}}]	9	1
15	2025-10-10 13:42:15.165826+00	4	Разрешение камеры: 12 МП	1	[{"added": {}}]	9	1
16	2025-10-10 13:42:28.548384+00	5	Влагозащита: IP68	1	[{"added": {}}]	9	1
17	2025-10-10 13:42:45.873525+00	1	Samsung Galaxy S9	1	[{"added": {}}]	13	1
18	2025-10-10 13:44:16.762152+00	5	samsung-galaxy-s20-1	1	[{"added": {}}]	7	1
19	2025-10-10 13:44:30.196297+00	6	2020	1	[{"added": {}}]	10	1
20	2025-10-10 13:45:10.467051+00	6	Процессор: Snapdragon 865	1	[{"added": {}}]	9	1
21	2025-10-10 13:46:38.669291+00	2	Samsung Galaxy S20 5G	1	[{"added": {}}]	13	1
22	2025-10-10 13:46:48.568107+00	6	Процессор: Snapdragon 865	3		9	1
23	2025-10-10 13:46:48.568132+00	5	Влагозащита: IP68	3		9	1
24	2025-10-10 13:46:48.568143+00	4	Разрешение камеры: 12 МП	3		9	1
25	2025-10-10 13:46:48.568154+00	3	Процессор: Snapdragon 845	3		9	1
26	2025-10-10 13:46:48.568164+00	2	Тип экрана: OLED	3		9	1
27	2025-10-10 13:46:48.568174+00	1	Разрешение экрана: Quad HD+	3		9	1
28	2025-10-10 13:47:25.676548+00	6	Телевизоры	1	[{"added": {}}]	7	1
29	2025-10-10 13:47:28.233636+00	3	Телевизоры	1	[{"added": {}}]	11	1
30	2025-10-10 13:48:49.345884+00	7	lg-oled-c1-1	1	[{"added": {}}]	7	1
31	2025-10-10 13:49:01.4714+00	7	2021	1	[{"added": {}}]	10	1
32	2025-10-10 13:49:05.840982+00	8	LG	1	[{"added": {}}]	10	1
33	2025-10-10 13:49:24.997267+00	3	LG OLED C1 42"	1	[{"added": {}}]	13	1
34	2025-10-10 13:52:12.549518+00	8	samsung-qled-65	1	[{"added": {}}]	7	1
35	2025-10-10 13:52:20.312862+00	9	QLED	1	[{"added": {}}]	10	1
36	2025-10-10 13:52:29.019557+00	10	2024	1	[{"added": {}}]	10	1
37	2025-10-10 13:52:35.085991+00	4	Samsung QE65QN90DAUXRU	1	[{"added": {}}]	13	1
38	2025-10-13 10:18:04.078121+00	1	LG OLED C1 42"	1	[{"added": {}}]	12	1
39	2025-10-13 10:18:35.850809+00	1	LG OLED C1 42"	2	[{"changed": {"fields": ["DateFrom"]}}]	12	1
40	2025-10-13 10:18:50.355976+00	1	LG OLED C1 42"	2	[{"changed": {"fields": ["DateFrom", "DateTo"]}}]	12	1
41	2025-10-13 10:22:05.346309+00	9	freedges	1	[{"added": {}}]	7	1
42	2025-10-13 10:22:11.167384+00	4	Холодильники	1	[{"added": {}}]	11	1
43	2025-10-13 10:22:30.887312+00	4	Холодильники	2	[{"changed": {"fields": ["Parent"]}}]	11	1
44	2025-10-13 10:24:09.627558+00	10	LG GA-B509CLWL	1	[{"added": {}}]	7	1
45	2025-10-13 10:24:31.443658+00	5	LG GA-B509CLWL	1	[{"added": {}}]	13	1
46	2025-10-13 10:51:24.694947+00	13	Order #13 ()	3		15	1
47	2025-10-13 10:51:24.69497+00	12	Order #12 (123)	3		15	1
48	2025-10-13 10:51:24.694983+00	11	Order #11 (ujh)	3		15	1
49	2025-10-13 10:51:24.694992+00	10	Order #10 (123)	3		15	1
50	2025-10-13 10:51:24.695+00	9	Order #9 (Егор Мамонтов -)	3		15	1
51	2025-10-13 10:51:24.695009+00	8	Order #8 (Test1)	3		15	1
52	2025-10-13 10:51:24.695016+00	7	Order #7 ()	3		15	1
53	2025-10-13 10:51:24.695025+00	6	Order #6 (арсен)	3		15	1
54	2025-10-13 10:51:24.695033+00	5	Order #5 ()	3		15	1
55	2025-10-13 10:51:24.695041+00	4	Order #4 ()	3		15	1
56	2025-10-13 10:51:24.695048+00	3	Order #3 ()	3		15	1
57	2025-10-13 10:51:24.695056+00	2	Order #2 ()	3		15	1
58	2025-10-13 10:51:24.695063+00	1	Order #1 ()	3		15	1
59	2025-10-13 10:51:33.258992+00	24	root@ya.ru - LG OLED C1 42" (1)	3		14	1
60	2025-10-13 10:51:43.366906+00	4	Samsung QE65QN90DAUXRU	2	[{"changed": {"fields": ["Count"]}}]	13	1
61	2025-10-13 10:51:48.249947+00	2	Samsung Galaxy S20 5G	2	[{"changed": {"fields": ["Count"]}}]	13	1
62	2025-10-13 12:07:58.892364+00	15	Order #15 ()	3		15	1
63	2025-10-13 12:07:58.892389+00	14	Order #14 (Егор Мамонтов Олегович)	3		15	1
\.


--
-- Data for Name: django_content_type; Type: TABLE DATA; Schema: public; Owner: postgres
--

COPY public.django_content_type (id, app_label, model) FROM stdin;
1	admin	logentry
2	auth	permission
3	auth	group
4	contenttypes	contenttype
5	sessions	session
6	user	user
7	user	image
8	product	review
9	product	specification
10	product	tag
11	product	category
12	product	saleitem
13	product	product
14	order	basketitem
15	order	order
16	order	deliverysettings
17	order	orderitem
\.


--
-- Data for Name: django_migrations; Type: TABLE DATA; Schema: public; Owner: postgres
--

COPY public.django_migrations (id, app, name, applied) FROM stdin;
1	contenttypes	0001_initial	2025-10-10 12:38:45.387+00
2	contenttypes	0002_remove_content_type_name	2025-10-10 12:38:45.390932+00
3	auth	0001_initial	2025-10-10 12:38:45.417278+00
4	auth	0002_alter_permission_name_max_length	2025-10-10 12:38:45.420553+00
5	auth	0003_alter_user_email_max_length	2025-10-10 12:38:45.42451+00
6	auth	0004_alter_user_username_opts	2025-10-10 12:38:45.428825+00
7	auth	0005_alter_user_last_login_null	2025-10-10 12:38:45.432235+00
8	auth	0006_require_contenttypes_0002	2025-10-10 12:38:45.43394+00
9	auth	0007_alter_validators_add_error_messages	2025-10-10 12:38:45.437295+00
10	auth	0008_alter_user_username_max_length	2025-10-10 12:38:45.440769+00
11	auth	0009_alter_user_last_name_max_length	2025-10-10 12:38:45.444339+00
12	auth	0010_alter_group_name_max_length	2025-10-10 12:38:45.448642+00
13	auth	0011_update_proxy_permissions	2025-10-10 12:38:45.452235+00
14	auth	0012_alter_user_first_name_max_length	2025-10-10 12:38:45.455937+00
15	user	0001_initial	2025-10-10 12:38:45.485691+00
16	admin	0001_initial	2025-10-10 12:38:45.499572+00
17	admin	0002_logentry_remove_auto_add	2025-10-10 12:38:45.504239+00
18	admin	0003_logentry_add_action_flag_choices	2025-10-10 12:38:45.508827+00
19	user	0002_create_buyer_group	2025-10-10 12:38:45.515398+00
20	user	0003_image_alter_user_avatar	2025-10-10 12:38:45.533106+00
21	user	0004_category	2025-10-10 12:38:45.545811+00
22	user	0005_tag_product	2025-10-10 12:38:45.575872+00
23	user	0006_review_specification_product_fulldescription_and_more	2025-10-10 12:38:45.620708+00
24	user	0007_alter_review_date_basketitem_saleitem	2025-10-10 12:38:45.661023+00
25	user	0008_order	2025-10-10 12:38:45.685452+00
26	user	0009_remove_order_products_remove_category_image_and_more	2025-10-10 12:38:45.761087+00
27	product	0001_initial	2025-10-10 12:38:45.851389+00
28	product	0002_alter_product_images	2025-10-10 12:38:45.860559+00
29	product	0003_remove_saleitem_images_remove_saleitem_price_and_more	2025-10-10 12:38:45.881114+00
30	order	0001_initial	2025-10-10 12:38:45.934042+00
31	order	0002_alter_basketitem_count	2025-10-10 12:38:45.942607+00
32	order	0003_deliverysettings	2025-10-10 12:38:45.946891+00
33	order	0004_alter_deliverysettings_options_and_more	2025-10-10 12:38:45.950788+00
34	product	0004_product_limitededition	2025-10-10 12:38:45.957355+00
35	product	0005_product_count_of_sales	2025-10-10 12:38:45.964621+00
36	product	0006_product_sort_index	2025-10-10 12:38:45.971848+00
37	product	0007_remove_product_count_of_sales_alter_product_rating_and_more	2025-10-10 12:38:45.994628+00
38	product	0008_rename_price_product_standart_price	2025-10-10 12:38:46.001239+00
39	sessions	0001_initial	2025-10-10 12:38:46.010938+00
40	order	0005_basketitem_order_baske_user_id_366cae_idx_and_more	2025-10-12 17:17:44.798069+00
41	product	0009_alter_product_count_and_more	2025-10-12 17:17:44.846883+00
42	order	0006_orderitem_alter_order_products_and_more	2025-10-13 11:22:57.237137+00
43	order	0007_remove_order_products	2025-10-13 13:40:22.492569+00
76	order	0008_order_products	2025-10-13 13:41:44.435396+00
77	order	0009_alter_deliverysettings_options	2025-10-15 08:29:31.951787+00
\.


--
-- Data for Name: django_session; Type: TABLE DATA; Schema: public; Owner: postgres
--

COPY public.django_session (session_key, session_data, expire_date) FROM stdin;
qdyjsjuvhksdb1fkn2h9qpr2deoqme3l	.eJxVjEEOwiAQRe_C2pDCDAIu3fcMZBhAqoYmpV0Z765NutDtf-_9lwi0rTVsPS9hSuIilDj9bpH4kdsO0p3abZY8t3WZotwVedAuxznl5_Vw_w4q9fqtMZIujgkgYmHlLTuPCjNj9nAewAL7Yp3TgMprb5KyMQ1IppBhiEm8P90gN6s:1v7xse:J1d6d9pIK1a1oI8rAlwfREVuPKRFVSe9mO4WD9V51no	2025-10-26 15:21:04.627495+00
\.


--
-- Data for Name: order_basketitem; Type: TABLE DATA; Schema: public; Owner: postgres
--

COPY public.order_basketitem (id, count, added_at, product_id, user_id) FROM stdin;
\.


--
-- Data for Name: order_deliverysettings; Type: TABLE DATA; Schema: public; Owner: postgres
--

COPY public.order_deliverysettings (id, express_cost, regular_cost, free_from) FROM stdin;
1	500.00	200.00	2000.00
\.


--
-- Data for Name: order_order; Type: TABLE DATA; Schema: public; Owner: postgres
--

COPY public.order_order (id, "createdAt", "fullName", email, phone, "deliveryType", "paymentType", "totalCost", status, city, address, user_id) FROM stdin;
53	2025-10-13 13:40:42.112733+00	Админов Админ Админович	root@ya.ru	89000000000			799.00	accepted			1
86	2025-10-13 13:41:56.78577+00	Админов Админ Админович	root@ya.ru	89000000000	ordinary	online	799.00	confirmed	ыфв	фыв	1
16	2025-10-13 12:08:11.893896+00	Егор Мамонтов -	root@ya.ru	89000000000	ordinary	online	899.00	confirmed	Coty-17	Kukuevo	1
17	2025-10-13 12:13:57.347413+00	Админов Админ Админович	root@ya.ru	89000000000	express	online	999.00	confirmed	сшен	фывыф	1
18	2025-10-13 13:05:54.843047+00	Админов Админ Админович	root@ya.ru	89000000000	express	online	899.00	confirmed	city-17	123	1
19	2025-10-13 13:06:38.98657+00	Админов Админ Админович	root@ya.ru	89000000000	ordinary	online	899.00	confirmed	sdf	dsf	1
20	2025-10-13 13:37:22.372102+00	Админов Админ Админович	root@ya.ru	89000000000			699.00	accepted			1
21	2025-10-13 13:37:30.310956+00	Админов Админ Админович	root@ya.ru	89000000000			699.00	accepted			1
22	2025-10-13 13:38:07.877191+00	Админов Админ Админович	root@ya.ru	89000000000			699.00	accepted			1
23	2025-10-13 13:38:29.210608+00	Админов Админ Админович	root@ya.ru	89000000000			699.00	accepted			1
\.


--
-- Data for Name: order_order_products; Type: TABLE DATA; Schema: public; Owner: postgres
--

COPY public.order_order_products (id, order_id, orderitem_id) FROM stdin;
1	86	72
\.


--
-- Data for Name: order_orderitem; Type: TABLE DATA; Schema: public; Owner: postgres
--

COPY public.order_orderitem (id, count, order_id, product_id) FROM stdin;
2	1	16	1
3	1	17	2
4	1	18	5
5	1	19	5
6	1	20	1
7	1	21	1
8	1	22	1
9	1	23	1
39	1	53	2
72	1	86	4
\.


--
-- Data for Name: product_category; Type: TABLE DATA; Schema: public; Owner: postgres
--

COPY public.product_category (id, title, image_id, parent_id) FROM stdin;
1	Электронника	1	\N
2	Смартфоны	2	1
3	Телевизоры	6	1
4	Холодильники	9	1
\.


--
-- Data for Name: product_product; Type: TABLE DATA; Schema: public; Owner: postgres
--

COPY public.product_product (id, title, standart_price, count, date, description, "fullDescription", "freeDelivery", rating, category_id, "limitedEdition", sort_index) FROM stdin;
1	Samsung Galaxy S9	699.00	7	2025-10-10 13:42:45.86899+00	Флагманский смартфон 2018 года с 5,8-дюймовым AMOLED-дисплеем, мощным процессором Exynos 9810, отличной камерой с переменной диафрагмой и премиальным дизайном из стекла и металла.	Samsung Galaxy S9 — это премиальный смартфон, представленный в 2018 году, который сочетает элегантный дизайн, высокую производительность и передовые технологии. Устройство оснащено 5,8-дюймовым Super AMOLED-дисплеем с разрешением Quad HD+, обеспечивающим яркое и детализированное изображение. За производительность отвечает восьмиядерный процессор Exynos 9810 (или Snapdragon 845, в зависимости от региона) и 4 ГБ оперативной памяти, что гарантирует плавную работу даже при высокой нагрузке.\r\nГлавная камера с разрешением 12 МП обладает уникальной переменной диафрагмой (f/1.5–f/2.4), позволяя получать чёткие снимки при любом освещении, а функция Super Slow Motion делает видео в 960 кадрах в секунду. Фронтальная камера на 8 МП обеспечивает качественные селфи и поддержку распознавания лица.\r\nGalaxy S9 также предлагает стереодинамики с технологией Dolby Atmos, защиту от воды и пыли по стандарту IP68, а также поддержку беспроводной зарядки. Это устройство остаётся актуальным благодаря своему сочетанию мощности, камеры и дизайна.	f	0	2	f	0
2	Samsung Galaxy S20 5G	799.00	3	2025-10-10 13:46:38.665023+00	Флагманский смартфон с 6,2-дюймовым 120-герцовым дисплеем, поддержкой сетей 5G, мощным процессором Exynos 990 и системой из трёх камер с возможностью записи видео в 8K.	Samsung Galaxy S20 5G — это один из ведущих флагманов 2020 года, сочетающий современные технологии, высокую производительность и поддержку сетей пятого поколения. Смартфон оснащён 6,2-дюймовым Dynamic AMOLED 2X дисплеем с разрешением Quad HD+ и частотой обновления 120 Гц, обеспечивающей сверхплавное изображение и яркие цвета.\r\nВ основе устройства лежит процессор Exynos 990 (или Snapdragon 865 для некоторых регионов) и 8/12 ГБ оперативной памяти, что гарантирует высокую скорость работы и готовность к любым задачам. Основная камера включает три модуля: 12 МП (широкоугольный), 12 МП (ультраширокий) и 64 МП (телефото) с 3-кратным гибридным зумом и поддержкой записи видео в 8K.\r\nGalaxy S20 5G поддерживает современные стандарты связи, включая 5G, Wi-Fi 6 и Bluetooth 5.0. Ёмкость аккумулятора составляет 4000 мА·ч, поддерживается быстрая и беспроводная зарядка. Корпус выполнен из стекла и металла, защищён от воды и пыли по стандарту IP68. Это устройство создано для тех, кто ценит передовые технологии, качество съёмки и производительность на уровне будущего.	f	0	2	f	0
3	LG OLED C1 42"	699.00	2	2025-10-10 13:49:24.993804+00	Премиальный 4K-телевизор с OLED-матрицей, идеально подходящий для фильмов, игр и работы с консолями нового поколения. Обеспечивает безупречное качество изображения, глубокий чёрный цвет и частоту обновления 120 Гц.	LG OLED C1 42" — это высококлассный 4K UHD-телевизор 2021 года с OLED-дисплеем, обеспечивающим эталонное качество изображения. Благодаря технологии самоизлучающих пикселей телевизор передаёт идеальный чёрный цвет, бесконечную контрастность и точную цветопередачу, что делает его отличным выбором для киноманов и геймеров.\r\n\r\nМодель оснащена процессором α9 Gen4 AI, который с помощью искусственного интеллекта оптимизирует изображение и звук в реальном времени. Частота обновления 120 Гц и поддержка HDMI 2.1 обеспечивают максимально плавный игровой процесс и полную совместимость с PlayStation 5 и Xbox Series X.\r\n\r\nLG OLED C1 поддерживает все современные технологии HDR — Dolby Vision, HDR10 и HLG, а также форматы Dolby Atmos и DTS для объемного звука. Интерфейс webOS предлагает удобный доступ к популярным стриминговым сервисам (Netflix, YouTube, Disney+, Prime Video и др.).\r\n\r\nБлагодаря тонкому дизайну и минимальным рамкам LG OLED C1 42" отлично впишется в любой интерьер, будь то гостиная, спальня или игровое пространство. Это универсальное устройство для тех, кто ценит реалистичное изображение, высокую производительность и современный стиль.	t	0	3	f	0
4	Samsung QE65QN90DAUXRU	799.00	9	2025-10-10 13:52:35.082808+00	65-дюймовый 4K Neo QLED телевизор премиум-класса с технологией Mini LED, мощным процессором Neo Quantum 4K и ярким, контрастным изображением. Идеален для фильмов, спорта и игр благодаря частоте 120 Гц и поддержке HDR10+.	Samsung QE65QN90DAUXRU — это флагманский 65-дюймовый телевизор 2024 года из серии Neo QLED, созданный для тех, кто хочет получить максимальное качество изображения и звука. Благодаря технологии подсветки Quantum Mini LED и процессору Neo Quantum Processor 4K, телевизор обеспечивает исключительную яркость, глубокие тени и точную цветопередачу при любом освещении.\r\n\r\nДисплей с разрешением 4K (3840×2160) поддерживает частоту обновления 120 Гц, технологии HDR10+, HLG и Quantum HDR 2000, что делает картинку невероятно реалистичной и детализированной. Для геймеров предусмотрен режим Game Mode Pro, низкая задержка (ALLM), VRR и FreeSync Premium Pro, обеспечивающие плавный игровой процесс без разрывов изображения.\r\n\r\nАудиосистема телевизора включает технологию Object Tracking Sound+ (OTS+), создающую объемный звук, который «следует» за движением объектов на экране. Также поддерживаются Dolby Atmos и адаптивная настройка звука под тип контента.\r\n\r\nМодель работает на операционной системе Tizen OS, предлагая быстрый доступ к потоковым сервисам (Netflix, YouTube, Okko, IVI и др.), голосовое управление (Bixby, Alexa, Google Assistant) и интеграцию со смарт-устройствами через SmartThings.\r\n\r\nТелевизор выполнен в ультратонком корпусе с практически безрамочным дизайном, что делает его стильным элементом любого интерьера. Samsung QE65QN90DAUXRU — это сочетание инновационных технологий, премиального изображения и функциональности, создающее эффект полного погружения в происходящее на экране.	f	0	3	f	0
5	LG GA-B509CLWL	899.00	18	2025-10-13 10:24:31.439331+00	Двухкамерный холодильник LG GA-B509CLWL с технологией DoorCooling+ и системой No Frost обеспечивает равномерное охлаждение, экономит энергию и сохраняет свежесть продуктов надолго.	Холодильник LG GA-B509CLWL — это современное решение для тех, кто ценит удобство и свежесть. Благодаря технологии DoorCooling+, холодный воздух равномерно распределяется по всему объёму, что помогает сохранить вкус и полезные свойства продуктов дольше. Система Total No Frost предотвращает образование льда и избавляет от необходимости размораживания. Компрессор Smart Inverter обеспечивает тихую работу и энергоэффективность класса A++, снижая потребление электроэнергии. Удобное внутреннее пространство с регулируемыми полками, отделением Fresh Zone для овощей и фруктов, а также стильный минималистичный дизайн делают этот холодильник отличным выбором для современного дома.	t	0	4	t	0
\.


--
-- Data for Name: product_product_images; Type: TABLE DATA; Schema: public; Owner: postgres
--

COPY public.product_product_images (id, product_id, image_id) FROM stdin;
1	1	3
2	1	4
3	2	5
4	3	7
5	4	8
6	5	10
\.


--
-- Data for Name: product_product_reviews; Type: TABLE DATA; Schema: public; Owner: postgres
--

COPY public.product_product_reviews (id, product_id, review_id) FROM stdin;
\.


--
-- Data for Name: product_product_specifications; Type: TABLE DATA; Schema: public; Owner: postgres
--

COPY public.product_product_specifications (id, product_id, specification_id) FROM stdin;
\.


--
-- Data for Name: product_product_tags; Type: TABLE DATA; Schema: public; Owner: postgres
--

COPY public.product_product_tags (id, product_id, tag_id) FROM stdin;
1	1	1
2	1	2
3	1	3
4	1	4
5	1	5
6	2	1
7	2	2
8	2	3
9	2	4
10	2	6
11	3	8
12	3	3
13	3	4
14	3	7
15	4	1
16	4	10
17	4	4
18	4	9
19	5	8
20	5	10
21	5	4
\.


--
-- Data for Name: product_review; Type: TABLE DATA; Schema: public; Owner: postgres
--

COPY public.product_review (id, author, email, text, rate, date) FROM stdin;
\.


--
-- Data for Name: product_saleitem; Type: TABLE DATA; Schema: public; Owner: postgres
--

COPY public.product_saleitem (id, "salePrice", "dateFrom", "dateTo", product_id) FROM stdin;
1	399.00	24-07	31-12	3
\.


--
-- Data for Name: product_specification; Type: TABLE DATA; Schema: public; Owner: postgres
--

COPY public.product_specification (id, name, value) FROM stdin;
\.


--
-- Data for Name: product_tag; Type: TABLE DATA; Schema: public; Owner: postgres
--

COPY public.product_tag (id, name) FROM stdin;
1	samsung
2	Galaxy
3	Amoled
4	Южная Корея
5	2018
6	2020
7	2021
8	LG
9	QLED
10	2024
\.


--
-- Data for Name: user_image; Type: TABLE DATA; Schema: public; Owner: postgres
--

COPY public.user_image (id, src, alt) FROM stdin;
1	images/техника.png	Электронника
2	images/смартфоны.png	Смартфоны
3	images/samsung-s9.png	samsung-galaxy-s9-1
4	images/samsung-s9-2.png	samsung-s9-2
5	images/samsung_s20.png	samsung-galaxy-s20-1
6	images/телевизоры.png	Телевизоры
7	images/lg-oled.png	lg-oled-c1-1
8	images/samsung_qled_65.png	samsung-qled-65
9	images/холодильники.png	freedges
10	images/холодильник_lg.png	LG GA-B509CLWL
11	images/слон_из_мха.png	
\.


--
-- Data for Name: user_user; Type: TABLE DATA; Schema: public; Owner: postgres
--

COPY public.user_user (id, password, last_login, is_superuser, username, first_name, last_name, is_staff, is_active, date_joined, "fullName", email, phone, avatar_id) FROM stdin;
1	pbkdf2_sha256$1000000$TXu6BYRTCQYA1d7SRreyWy$2fjhn11YIJtqozvqRMK6Ec0IVwt95rIi9s9i4weWLNs=	2025-10-12 15:21:04.625223+00	t	Admin			t	t	2025-10-10 12:41:23.704521+00	Админов Админ Админович	root@ya.ru	89000000000	11
\.


--
-- Data for Name: user_user_groups; Type: TABLE DATA; Schema: public; Owner: postgres
--

COPY public.user_user_groups (id, user_id, group_id) FROM stdin;
\.


--
-- Data for Name: user_user_user_permissions; Type: TABLE DATA; Schema: public; Owner: postgres
--

COPY public.user_user_user_permissions (id, user_id, permission_id) FROM stdin;
\.


--
-- Name: auth_group_id_seq; Type: SEQUENCE SET; Schema: public; Owner: postgres
--

SELECT pg_catalog.setval('public.auth_group_id_seq', 1, true);


--
-- Name: auth_group_permissions_id_seq; Type: SEQUENCE SET; Schema: public; Owner: postgres
--

SELECT pg_catalog.setval('public.auth_group_permissions_id_seq', 1, false);


--
-- Name: auth_permission_id_seq; Type: SEQUENCE SET; Schema: public; Owner: postgres
--

SELECT pg_catalog.setval('public.auth_permission_id_seq', 68, true);


--
-- Name: django_admin_log_id_seq; Type: SEQUENCE SET; Schema: public; Owner: postgres
--

SELECT pg_catalog.setval('public.django_admin_log_id_seq', 63, true);


--
-- Name: django_content_type_id_seq; Type: SEQUENCE SET; Schema: public; Owner: postgres
--

SELECT pg_catalog.setval('public.django_content_type_id_seq', 17, true);


--
-- Name: django_migrations_id_seq; Type: SEQUENCE SET; Schema: public; Owner: postgres
--

SELECT pg_catalog.setval('public.django_migrations_id_seq', 77, true);


--
-- Name: order_basketitem_id_seq; Type: SEQUENCE SET; Schema: public; Owner: postgres
--

SELECT pg_catalog.setval('public.order_basketitem_id_seq', 96, true);


--
-- Name: order_deliverysettings_id_seq; Type: SEQUENCE SET; Schema: public; Owner: postgres
--

SELECT pg_catalog.setval('public.order_deliverysettings_id_seq', 1, false);


--
-- Name: order_order_id_seq; Type: SEQUENCE SET; Schema: public; Owner: postgres
--

SELECT pg_catalog.setval('public.order_order_id_seq', 86, true);


--
-- Name: order_order_products_id_seq; Type: SEQUENCE SET; Schema: public; Owner: postgres
--

SELECT pg_catalog.setval('public.order_order_products_id_seq', 1, true);


--
-- Name: order_orderitem_id_seq; Type: SEQUENCE SET; Schema: public; Owner: postgres
--

SELECT pg_catalog.setval('public.order_orderitem_id_seq', 72, true);


--
-- Name: product_category_id_seq; Type: SEQUENCE SET; Schema: public; Owner: postgres
--

SELECT pg_catalog.setval('public.product_category_id_seq', 4, true);


--
-- Name: product_product_id_seq; Type: SEQUENCE SET; Schema: public; Owner: postgres
--

SELECT pg_catalog.setval('public.product_product_id_seq', 5, true);


--
-- Name: product_product_images_id_seq; Type: SEQUENCE SET; Schema: public; Owner: postgres
--

SELECT pg_catalog.setval('public.product_product_images_id_seq', 6, true);


--
-- Name: product_product_reviews_id_seq; Type: SEQUENCE SET; Schema: public; Owner: postgres
--

SELECT pg_catalog.setval('public.product_product_reviews_id_seq', 1, false);


--
-- Name: product_product_specifications_id_seq; Type: SEQUENCE SET; Schema: public; Owner: postgres
--

SELECT pg_catalog.setval('public.product_product_specifications_id_seq', 7, true);


--
-- Name: product_product_tags_id_seq; Type: SEQUENCE SET; Schema: public; Owner: postgres
--

SELECT pg_catalog.setval('public.product_product_tags_id_seq', 21, true);


--
-- Name: product_review_id_seq; Type: SEQUENCE SET; Schema: public; Owner: postgres
--

SELECT pg_catalog.setval('public.product_review_id_seq', 1, false);


--
-- Name: product_saleitem_id_seq; Type: SEQUENCE SET; Schema: public; Owner: postgres
--

SELECT pg_catalog.setval('public.product_saleitem_id_seq', 1, true);


--
-- Name: product_specification_id_seq; Type: SEQUENCE SET; Schema: public; Owner: postgres
--

SELECT pg_catalog.setval('public.product_specification_id_seq', 6, true);


--
-- Name: product_tag_id_seq; Type: SEQUENCE SET; Schema: public; Owner: postgres
--

SELECT pg_catalog.setval('public.product_tag_id_seq', 10, true);


--
-- Name: user_image_id_seq; Type: SEQUENCE SET; Schema: public; Owner: postgres
--

SELECT pg_catalog.setval('public.user_image_id_seq', 11, true);


--
-- Name: user_user_groups_id_seq; Type: SEQUENCE SET; Schema: public; Owner: postgres
--

SELECT pg_catalog.setval('public.user_user_groups_id_seq', 1, false);


--
-- Name: user_user_id_seq; Type: SEQUENCE SET; Schema: public; Owner: postgres
--

SELECT pg_catalog.setval('public.user_user_id_seq', 1, true);


--
-- Name: user_user_user_permissions_id_seq; Type: SEQUENCE SET; Schema: public; Owner: postgres
--

SELECT pg_catalog.setval('public.user_user_user_permissions_id_seq', 1, false);


--
-- Name: auth_group auth_group_name_key; Type: CONSTRAINT; Schema: public; Owner: postgres
--

ALTER TABLE ONLY public.auth_group
    ADD CONSTRAINT auth_group_name_key UNIQUE (name);


--
-- Name: auth_group_permissions auth_group_permissions_group_id_permission_id_0cd325b0_uniq; Type: CONSTRAINT; Schema: public; Owner: postgres
--

ALTER TABLE ONLY public.auth_group_permissions
    ADD CONSTRAINT auth_group_permissions_group_id_permission_id_0cd325b0_uniq UNIQUE (group_id, permission_id);


--
-- Name: auth_group_permissions auth_group_permissions_pkey; Type: CONSTRAINT; Schema: public; Owner: postgres
--

ALTER TABLE ONLY public.auth_group_permissions
    ADD CONSTRAINT auth_group_permissions_pkey PRIMARY KEY (id);


--
-- Name: auth_group auth_group_pkey; Type: CONSTRAINT; Schema: public; Owner: postgres
--

ALTER TABLE ONLY public.auth_group
    ADD CONSTRAINT auth_group_pkey PRIMARY KEY (id);


--
-- Name: auth_permission auth_permission_content_type_id_codename_01ab375a_uniq; Type: CONSTRAINT; Schema: public; Owner: postgres
--

ALTER TABLE ONLY public.auth_permission
    ADD CONSTRAINT auth_permission_content_type_id_codename_01ab375a_uniq UNIQUE (content_type_id, codename);


--
-- Name: auth_permission auth_permission_pkey; Type: CONSTRAINT; Schema: public; Owner: postgres
--

ALTER TABLE ONLY public.auth_permission
    ADD CONSTRAINT auth_permission_pkey PRIMARY KEY (id);


--
-- Name: django_admin_log django_admin_log_pkey; Type: CONSTRAINT; Schema: public; Owner: postgres
--

ALTER TABLE ONLY public.django_admin_log
    ADD CONSTRAINT django_admin_log_pkey PRIMARY KEY (id);


--
-- Name: django_content_type django_content_type_app_label_model_76bd3d3b_uniq; Type: CONSTRAINT; Schema: public; Owner: postgres
--

ALTER TABLE ONLY public.django_content_type
    ADD CONSTRAINT django_content_type_app_label_model_76bd3d3b_uniq UNIQUE (app_label, model);


--
-- Name: django_content_type django_content_type_pkey; Type: CONSTRAINT; Schema: public; Owner: postgres
--

ALTER TABLE ONLY public.django_content_type
    ADD CONSTRAINT django_content_type_pkey PRIMARY KEY (id);


--
-- Name: django_migrations django_migrations_pkey; Type: CONSTRAINT; Schema: public; Owner: postgres
--

ALTER TABLE ONLY public.django_migrations
    ADD CONSTRAINT django_migrations_pkey PRIMARY KEY (id);


--
-- Name: django_session django_session_pkey; Type: CONSTRAINT; Schema: public; Owner: postgres
--

ALTER TABLE ONLY public.django_session
    ADD CONSTRAINT django_session_pkey PRIMARY KEY (session_key);


--
-- Name: order_basketitem order_basketitem_pkey; Type: CONSTRAINT; Schema: public; Owner: postgres
--

ALTER TABLE ONLY public.order_basketitem
    ADD CONSTRAINT order_basketitem_pkey PRIMARY KEY (id);


--
-- Name: order_deliverysettings order_deliverysettings_pkey; Type: CONSTRAINT; Schema: public; Owner: postgres
--

ALTER TABLE ONLY public.order_deliverysettings
    ADD CONSTRAINT order_deliverysettings_pkey PRIMARY KEY (id);


--
-- Name: order_order order_order_pkey; Type: CONSTRAINT; Schema: public; Owner: postgres
--

ALTER TABLE ONLY public.order_order
    ADD CONSTRAINT order_order_pkey PRIMARY KEY (id);


--
-- Name: order_order_products order_order_products_order_id_orderitem_id_d20ca830_uniq; Type: CONSTRAINT; Schema: public; Owner: postgres
--

ALTER TABLE ONLY public.order_order_products
    ADD CONSTRAINT order_order_products_order_id_orderitem_id_d20ca830_uniq UNIQUE (order_id, orderitem_id);


--
-- Name: order_order_products order_order_products_pkey; Type: CONSTRAINT; Schema: public; Owner: postgres
--

ALTER TABLE ONLY public.order_order_products
    ADD CONSTRAINT order_order_products_pkey PRIMARY KEY (id);


--
-- Name: order_orderitem order_orderitem_pkey; Type: CONSTRAINT; Schema: public; Owner: postgres
--

ALTER TABLE ONLY public.order_orderitem
    ADD CONSTRAINT order_orderitem_pkey PRIMARY KEY (id);


--
-- Name: product_category product_category_pkey; Type: CONSTRAINT; Schema: public; Owner: postgres
--

ALTER TABLE ONLY public.product_category
    ADD CONSTRAINT product_category_pkey PRIMARY KEY (id);


--
-- Name: product_product_images product_product_images_pkey; Type: CONSTRAINT; Schema: public; Owner: postgres
--

ALTER TABLE ONLY public.product_product_images
    ADD CONSTRAINT product_product_images_pkey PRIMARY KEY (id);


--
-- Name: product_product_images product_product_images_product_id_image_id_761b4874_uniq; Type: CONSTRAINT; Schema: public; Owner: postgres
--

ALTER TABLE ONLY public.product_product_images
    ADD CONSTRAINT product_product_images_product_id_image_id_761b4874_uniq UNIQUE (product_id, image_id);


--
-- Name: product_product product_product_pkey; Type: CONSTRAINT; Schema: public; Owner: postgres
--

ALTER TABLE ONLY public.product_product
    ADD CONSTRAINT product_product_pkey PRIMARY KEY (id);


--
-- Name: product_product_reviews product_product_reviews_pkey; Type: CONSTRAINT; Schema: public; Owner: postgres
--

ALTER TABLE ONLY public.product_product_reviews
    ADD CONSTRAINT product_product_reviews_pkey PRIMARY KEY (id);


--
-- Name: product_product_reviews product_product_reviews_product_id_review_id_eac8248f_uniq; Type: CONSTRAINT; Schema: public; Owner: postgres
--

ALTER TABLE ONLY public.product_product_reviews
    ADD CONSTRAINT product_product_reviews_product_id_review_id_eac8248f_uniq UNIQUE (product_id, review_id);


--
-- Name: product_product_specifications product_product_specific_product_id_specification_6897fb08_uniq; Type: CONSTRAINT; Schema: public; Owner: postgres
--

ALTER TABLE ONLY public.product_product_specifications
    ADD CONSTRAINT product_product_specific_product_id_specification_6897fb08_uniq UNIQUE (product_id, specification_id);


--
-- Name: product_product_specifications product_product_specifications_pkey; Type: CONSTRAINT; Schema: public; Owner: postgres
--

ALTER TABLE ONLY public.product_product_specifications
    ADD CONSTRAINT product_product_specifications_pkey PRIMARY KEY (id);


--
-- Name: product_product_tags product_product_tags_pkey; Type: CONSTRAINT; Schema: public; Owner: postgres
--

ALTER TABLE ONLY public.product_product_tags
    ADD CONSTRAINT product_product_tags_pkey PRIMARY KEY (id);


--
-- Name: product_product_tags product_product_tags_product_id_tag_id_f9d19e54_uniq; Type: CONSTRAINT; Schema: public; Owner: postgres
--

ALTER TABLE ONLY public.product_product_tags
    ADD CONSTRAINT product_product_tags_product_id_tag_id_f9d19e54_uniq UNIQUE (product_id, tag_id);


--
-- Name: product_review product_review_pkey; Type: CONSTRAINT; Schema: public; Owner: postgres
--

ALTER TABLE ONLY public.product_review
    ADD CONSTRAINT product_review_pkey PRIMARY KEY (id);


--
-- Name: product_saleitem product_saleitem_pkey; Type: CONSTRAINT; Schema: public; Owner: postgres
--

ALTER TABLE ONLY public.product_saleitem
    ADD CONSTRAINT product_saleitem_pkey PRIMARY KEY (id);


--
-- Name: product_specification product_specification_pkey; Type: CONSTRAINT; Schema: public; Owner: postgres
--

ALTER TABLE ONLY public.product_specification
    ADD CONSTRAINT product_specification_pkey PRIMARY KEY (id);


--
-- Name: product_tag product_tag_pkey; Type: CONSTRAINT; Schema: public; Owner: postgres
--

ALTER TABLE ONLY public.product_tag
    ADD CONSTRAINT product_tag_pkey PRIMARY KEY (id);


--
-- Name: user_image user_image_pkey; Type: CONSTRAINT; Schema: public; Owner: postgres
--

ALTER TABLE ONLY public.user_image
    ADD CONSTRAINT user_image_pkey PRIMARY KEY (id);


--
-- Name: user_user user_user_email_key; Type: CONSTRAINT; Schema: public; Owner: postgres
--

ALTER TABLE ONLY public.user_user
    ADD CONSTRAINT user_user_email_key UNIQUE (email);


--
-- Name: user_user_groups user_user_groups_pkey; Type: CONSTRAINT; Schema: public; Owner: postgres
--

ALTER TABLE ONLY public.user_user_groups
    ADD CONSTRAINT user_user_groups_pkey PRIMARY KEY (id);


--
-- Name: user_user_groups user_user_groups_user_id_group_id_bb60391f_uniq; Type: CONSTRAINT; Schema: public; Owner: postgres
--

ALTER TABLE ONLY public.user_user_groups
    ADD CONSTRAINT user_user_groups_user_id_group_id_bb60391f_uniq UNIQUE (user_id, group_id);


--
-- Name: user_user user_user_pkey; Type: CONSTRAINT; Schema: public; Owner: postgres
--

ALTER TABLE ONLY public.user_user
    ADD CONSTRAINT user_user_pkey PRIMARY KEY (id);


--
-- Name: user_user_user_permissions user_user_user_permissions_pkey; Type: CONSTRAINT; Schema: public; Owner: postgres
--

ALTER TABLE ONLY public.user_user_user_permissions
    ADD CONSTRAINT user_user_user_permissions_pkey PRIMARY KEY (id);


--
-- Name: user_user_user_permissions user_user_user_permissions_user_id_permission_id_64f4d5b8_uniq; Type: CONSTRAINT; Schema: public; Owner: postgres
--

ALTER TABLE ONLY public.user_user_user_permissions
    ADD CONSTRAINT user_user_user_permissions_user_id_permission_id_64f4d5b8_uniq UNIQUE (user_id, permission_id);


--
-- Name: user_user user_user_username_key; Type: CONSTRAINT; Schema: public; Owner: postgres
--

ALTER TABLE ONLY public.user_user
    ADD CONSTRAINT user_user_username_key UNIQUE (username);


--
-- Name: auth_group_name_a6ea08ec_like; Type: INDEX; Schema: public; Owner: postgres
--

CREATE INDEX auth_group_name_a6ea08ec_like ON public.auth_group USING btree (name varchar_pattern_ops);


--
-- Name: auth_group_permissions_group_id_b120cbf9; Type: INDEX; Schema: public; Owner: postgres
--

CREATE INDEX auth_group_permissions_group_id_b120cbf9 ON public.auth_group_permissions USING btree (group_id);


--
-- Name: auth_group_permissions_permission_id_84c5c92e; Type: INDEX; Schema: public; Owner: postgres
--

CREATE INDEX auth_group_permissions_permission_id_84c5c92e ON public.auth_group_permissions USING btree (permission_id);


--
-- Name: auth_permission_content_type_id_2f476e4b; Type: INDEX; Schema: public; Owner: postgres
--

CREATE INDEX auth_permission_content_type_id_2f476e4b ON public.auth_permission USING btree (content_type_id);


--
-- Name: django_admin_log_content_type_id_c4bce8eb; Type: INDEX; Schema: public; Owner: postgres
--

CREATE INDEX django_admin_log_content_type_id_c4bce8eb ON public.django_admin_log USING btree (content_type_id);


--
-- Name: django_admin_log_user_id_c564eba6; Type: INDEX; Schema: public; Owner: postgres
--

CREATE INDEX django_admin_log_user_id_c564eba6 ON public.django_admin_log USING btree (user_id);


--
-- Name: django_session_expire_date_a5c62663; Type: INDEX; Schema: public; Owner: postgres
--

CREATE INDEX django_session_expire_date_a5c62663 ON public.django_session USING btree (expire_date);


--
-- Name: django_session_session_key_c0390e0f_like; Type: INDEX; Schema: public; Owner: postgres
--

CREATE INDEX django_session_session_key_c0390e0f_like ON public.django_session USING btree (session_key varchar_pattern_ops);


--
-- Name: order_baske_product_d8e0dc_idx; Type: INDEX; Schema: public; Owner: postgres
--

CREATE INDEX order_baske_product_d8e0dc_idx ON public.order_basketitem USING btree (product_id);


--
-- Name: order_baske_user_id_366cae_idx; Type: INDEX; Schema: public; Owner: postgres
--

CREATE INDEX order_baske_user_id_366cae_idx ON public.order_basketitem USING btree (user_id);


--
-- Name: order_basketitem_product_id_0133a930; Type: INDEX; Schema: public; Owner: postgres
--

CREATE INDEX order_basketitem_product_id_0133a930 ON public.order_basketitem USING btree (product_id);


--
-- Name: order_basketitem_user_id_f0c20965; Type: INDEX; Schema: public; Owner: postgres
--

CREATE INDEX order_basketitem_user_id_f0c20965 ON public.order_basketitem USING btree (user_id);


--
-- Name: order_order_created_6c31e2_idx; Type: INDEX; Schema: public; Owner: postgres
--

CREATE INDEX order_order_created_6c31e2_idx ON public.order_order USING btree ("createdAt");


--
-- Name: order_order_order_i_854de1_idx; Type: INDEX; Schema: public; Owner: postgres
--

CREATE INDEX order_order_order_i_854de1_idx ON public.order_orderitem USING btree (order_id);


--
-- Name: order_order_product_ed1645_idx; Type: INDEX; Schema: public; Owner: postgres
--

CREATE INDEX order_order_product_ed1645_idx ON public.order_orderitem USING btree (product_id);


--
-- Name: order_order_products_order_id_3dc8807b; Type: INDEX; Schema: public; Owner: postgres
--

CREATE INDEX order_order_products_order_id_3dc8807b ON public.order_order_products USING btree (order_id);


--
-- Name: order_order_products_orderitem_id_7a493af6; Type: INDEX; Schema: public; Owner: postgres
--

CREATE INDEX order_order_products_orderitem_id_7a493af6 ON public.order_order_products USING btree (orderitem_id);


--
-- Name: order_order_user_id_7cf9bc2b; Type: INDEX; Schema: public; Owner: postgres
--

CREATE INDEX order_order_user_id_7cf9bc2b ON public.order_order USING btree (user_id);


--
-- Name: order_order_user_id_a7f1ea_idx; Type: INDEX; Schema: public; Owner: postgres
--

CREATE INDEX order_order_user_id_a7f1ea_idx ON public.order_order USING btree (user_id);


--
-- Name: order_orderitem_order_id_aba34f44; Type: INDEX; Schema: public; Owner: postgres
--

CREATE INDEX order_orderitem_order_id_aba34f44 ON public.order_orderitem USING btree (order_id);


--
-- Name: order_orderitem_product_id_c5c6b07a; Type: INDEX; Schema: public; Owner: postgres
--

CREATE INDEX order_orderitem_product_id_c5c6b07a ON public.order_orderitem USING btree (product_id);


--
-- Name: product_cat_parent__b54811_idx; Type: INDEX; Schema: public; Owner: postgres
--

CREATE INDEX product_cat_parent__b54811_idx ON public.product_category USING btree (parent_id);


--
-- Name: product_category_image_id_a06dd2af; Type: INDEX; Schema: public; Owner: postgres
--

CREATE INDEX product_category_image_id_a06dd2af ON public.product_category USING btree (image_id);


--
-- Name: product_category_parent_id_f6860923; Type: INDEX; Schema: public; Owner: postgres
--

CREATE INDEX product_category_parent_id_f6860923 ON public.product_category USING btree (parent_id);


--
-- Name: product_pro_categor_2b9d78_idx; Type: INDEX; Schema: public; Owner: postgres
--

CREATE INDEX product_pro_categor_2b9d78_idx ON public.product_product USING btree (category_id);


--
-- Name: product_pro_sort_in_628f0f_idx; Type: INDEX; Schema: public; Owner: postgres
--

CREATE INDEX product_pro_sort_in_628f0f_idx ON public.product_product USING btree (sort_index);


--
-- Name: product_pro_title_07e491_idx; Type: INDEX; Schema: public; Owner: postgres
--

CREATE INDEX product_pro_title_07e491_idx ON public.product_product USING btree (title);


--
-- Name: product_product_category_id_0c725779; Type: INDEX; Schema: public; Owner: postgres
--

CREATE INDEX product_product_category_id_0c725779 ON public.product_product USING btree (category_id);


--
-- Name: product_product_images_image_id_c34c90b2; Type: INDEX; Schema: public; Owner: postgres
--

CREATE INDEX product_product_images_image_id_c34c90b2 ON public.product_product_images USING btree (image_id);


--
-- Name: product_product_images_product_id_cac03c7f; Type: INDEX; Schema: public; Owner: postgres
--

CREATE INDEX product_product_images_product_id_cac03c7f ON public.product_product_images USING btree (product_id);


--
-- Name: product_product_reviews_product_id_eae79dc1; Type: INDEX; Schema: public; Owner: postgres
--

CREATE INDEX product_product_reviews_product_id_eae79dc1 ON public.product_product_reviews USING btree (product_id);


--
-- Name: product_product_reviews_review_id_18f43d6c; Type: INDEX; Schema: public; Owner: postgres
--

CREATE INDEX product_product_reviews_review_id_18f43d6c ON public.product_product_reviews USING btree (review_id);


--
-- Name: product_product_specifications_product_id_2a83b6c1; Type: INDEX; Schema: public; Owner: postgres
--

CREATE INDEX product_product_specifications_product_id_2a83b6c1 ON public.product_product_specifications USING btree (product_id);


--
-- Name: product_product_specifications_specification_id_c0026120; Type: INDEX; Schema: public; Owner: postgres
--

CREATE INDEX product_product_specifications_specification_id_c0026120 ON public.product_product_specifications USING btree (specification_id);


--
-- Name: product_product_tags_product_id_a72c644e; Type: INDEX; Schema: public; Owner: postgres
--

CREATE INDEX product_product_tags_product_id_a72c644e ON public.product_product_tags USING btree (product_id);


--
-- Name: product_product_tags_tag_id_2e44bb40; Type: INDEX; Schema: public; Owner: postgres
--

CREATE INDEX product_product_tags_tag_id_2e44bb40 ON public.product_product_tags USING btree (tag_id);


--
-- Name: product_rev_rate_4a14d2_idx; Type: INDEX; Schema: public; Owner: postgres
--

CREATE INDEX product_rev_rate_4a14d2_idx ON public.product_review USING btree (rate);


--
-- Name: product_sal_product_179593_idx; Type: INDEX; Schema: public; Owner: postgres
--

CREATE INDEX product_sal_product_179593_idx ON public.product_saleitem USING btree (product_id);


--
-- Name: product_saleitem_product_id_5cfb6595; Type: INDEX; Schema: public; Owner: postgres
--

CREATE INDEX product_saleitem_product_id_5cfb6595 ON public.product_saleitem USING btree (product_id);


--
-- Name: product_tag_name_bf4b57_idx; Type: INDEX; Schema: public; Owner: postgres
--

CREATE INDEX product_tag_name_bf4b57_idx ON public.product_tag USING btree (name);


--
-- Name: user_user_avatar_id_2f17bd29; Type: INDEX; Schema: public; Owner: postgres
--

CREATE INDEX user_user_avatar_id_2f17bd29 ON public.user_user USING btree (avatar_id);


--
-- Name: user_user_email_1c6f3d1a_like; Type: INDEX; Schema: public; Owner: postgres
--

CREATE INDEX user_user_email_1c6f3d1a_like ON public.user_user USING btree (email varchar_pattern_ops);


--
-- Name: user_user_groups_group_id_c57f13c0; Type: INDEX; Schema: public; Owner: postgres
--

CREATE INDEX user_user_groups_group_id_c57f13c0 ON public.user_user_groups USING btree (group_id);


--
-- Name: user_user_groups_user_id_13f9a20d; Type: INDEX; Schema: public; Owner: postgres
--

CREATE INDEX user_user_groups_user_id_13f9a20d ON public.user_user_groups USING btree (user_id);


--
-- Name: user_user_user_permissions_permission_id_ce49d4de; Type: INDEX; Schema: public; Owner: postgres
--

CREATE INDEX user_user_user_permissions_permission_id_ce49d4de ON public.user_user_user_permissions USING btree (permission_id);


--
-- Name: user_user_user_permissions_user_id_31782f58; Type: INDEX; Schema: public; Owner: postgres
--

CREATE INDEX user_user_user_permissions_user_id_31782f58 ON public.user_user_user_permissions USING btree (user_id);


--
-- Name: user_user_username_e2bdfe0c_like; Type: INDEX; Schema: public; Owner: postgres
--

CREATE INDEX user_user_username_e2bdfe0c_like ON public.user_user USING btree (username varchar_pattern_ops);


--
-- Name: auth_group_permissions auth_group_permissio_permission_id_84c5c92e_fk_auth_perm; Type: FK CONSTRAINT; Schema: public; Owner: postgres
--

ALTER TABLE ONLY public.auth_group_permissions
    ADD CONSTRAINT auth_group_permissio_permission_id_84c5c92e_fk_auth_perm FOREIGN KEY (permission_id) REFERENCES public.auth_permission(id) DEFERRABLE INITIALLY DEFERRED;


--
-- Name: auth_group_permissions auth_group_permissions_group_id_b120cbf9_fk_auth_group_id; Type: FK CONSTRAINT; Schema: public; Owner: postgres
--

ALTER TABLE ONLY public.auth_group_permissions
    ADD CONSTRAINT auth_group_permissions_group_id_b120cbf9_fk_auth_group_id FOREIGN KEY (group_id) REFERENCES public.auth_group(id) DEFERRABLE INITIALLY DEFERRED;


--
-- Name: auth_permission auth_permission_content_type_id_2f476e4b_fk_django_co; Type: FK CONSTRAINT; Schema: public; Owner: postgres
--

ALTER TABLE ONLY public.auth_permission
    ADD CONSTRAINT auth_permission_content_type_id_2f476e4b_fk_django_co FOREIGN KEY (content_type_id) REFERENCES public.django_content_type(id) DEFERRABLE INITIALLY DEFERRED;


--
-- Name: django_admin_log django_admin_log_content_type_id_c4bce8eb_fk_django_co; Type: FK CONSTRAINT; Schema: public; Owner: postgres
--

ALTER TABLE ONLY public.django_admin_log
    ADD CONSTRAINT django_admin_log_content_type_id_c4bce8eb_fk_django_co FOREIGN KEY (content_type_id) REFERENCES public.django_content_type(id) DEFERRABLE INITIALLY DEFERRED;


--
-- Name: django_admin_log django_admin_log_user_id_c564eba6_fk_user_user_id; Type: FK CONSTRAINT; Schema: public; Owner: postgres
--

ALTER TABLE ONLY public.django_admin_log
    ADD CONSTRAINT django_admin_log_user_id_c564eba6_fk_user_user_id FOREIGN KEY (user_id) REFERENCES public.user_user(id) DEFERRABLE INITIALLY DEFERRED;


--
-- Name: order_basketitem order_basketitem_product_id_0133a930_fk_product_product_id; Type: FK CONSTRAINT; Schema: public; Owner: postgres
--

ALTER TABLE ONLY public.order_basketitem
    ADD CONSTRAINT order_basketitem_product_id_0133a930_fk_product_product_id FOREIGN KEY (product_id) REFERENCES public.product_product(id) DEFERRABLE INITIALLY DEFERRED;


--
-- Name: order_basketitem order_basketitem_user_id_f0c20965_fk_user_user_id; Type: FK CONSTRAINT; Schema: public; Owner: postgres
--

ALTER TABLE ONLY public.order_basketitem
    ADD CONSTRAINT order_basketitem_user_id_f0c20965_fk_user_user_id FOREIGN KEY (user_id) REFERENCES public.user_user(id) DEFERRABLE INITIALLY DEFERRED;


--
-- Name: order_order_products order_order_products_order_id_3dc8807b_fk_order_order_id; Type: FK CONSTRAINT; Schema: public; Owner: postgres
--

ALTER TABLE ONLY public.order_order_products
    ADD CONSTRAINT order_order_products_order_id_3dc8807b_fk_order_order_id FOREIGN KEY (order_id) REFERENCES public.order_order(id) DEFERRABLE INITIALLY DEFERRED;


--
-- Name: order_order_products order_order_products_orderitem_id_7a493af6_fk_order_ord; Type: FK CONSTRAINT; Schema: public; Owner: postgres
--

ALTER TABLE ONLY public.order_order_products
    ADD CONSTRAINT order_order_products_orderitem_id_7a493af6_fk_order_ord FOREIGN KEY (orderitem_id) REFERENCES public.order_orderitem(id) DEFERRABLE INITIALLY DEFERRED;


--
-- Name: order_order order_order_user_id_7cf9bc2b_fk_user_user_id; Type: FK CONSTRAINT; Schema: public; Owner: postgres
--

ALTER TABLE ONLY public.order_order
    ADD CONSTRAINT order_order_user_id_7cf9bc2b_fk_user_user_id FOREIGN KEY (user_id) REFERENCES public.user_user(id) DEFERRABLE INITIALLY DEFERRED;


--
-- Name: order_orderitem order_orderitem_order_id_aba34f44_fk_order_order_id; Type: FK CONSTRAINT; Schema: public; Owner: postgres
--

ALTER TABLE ONLY public.order_orderitem
    ADD CONSTRAINT order_orderitem_order_id_aba34f44_fk_order_order_id FOREIGN KEY (order_id) REFERENCES public.order_order(id) DEFERRABLE INITIALLY DEFERRED;


--
-- Name: order_orderitem order_orderitem_product_id_c5c6b07a_fk_product_product_id; Type: FK CONSTRAINT; Schema: public; Owner: postgres
--

ALTER TABLE ONLY public.order_orderitem
    ADD CONSTRAINT order_orderitem_product_id_c5c6b07a_fk_product_product_id FOREIGN KEY (product_id) REFERENCES public.product_product(id) DEFERRABLE INITIALLY DEFERRED;


--
-- Name: product_category product_category_image_id_a06dd2af_fk_user_image_id; Type: FK CONSTRAINT; Schema: public; Owner: postgres
--

ALTER TABLE ONLY public.product_category
    ADD CONSTRAINT product_category_image_id_a06dd2af_fk_user_image_id FOREIGN KEY (image_id) REFERENCES public.user_image(id) DEFERRABLE INITIALLY DEFERRED;


--
-- Name: product_category product_category_parent_id_f6860923_fk_product_category_id; Type: FK CONSTRAINT; Schema: public; Owner: postgres
--

ALTER TABLE ONLY public.product_category
    ADD CONSTRAINT product_category_parent_id_f6860923_fk_product_category_id FOREIGN KEY (parent_id) REFERENCES public.product_category(id) DEFERRABLE INITIALLY DEFERRED;


--
-- Name: product_product product_product_category_id_0c725779_fk_product_category_id; Type: FK CONSTRAINT; Schema: public; Owner: postgres
--

ALTER TABLE ONLY public.product_product
    ADD CONSTRAINT product_product_category_id_0c725779_fk_product_category_id FOREIGN KEY (category_id) REFERENCES public.product_category(id) DEFERRABLE INITIALLY DEFERRED;


--
-- Name: product_product_images product_product_imag_product_id_cac03c7f_fk_product_p; Type: FK CONSTRAINT; Schema: public; Owner: postgres
--

ALTER TABLE ONLY public.product_product_images
    ADD CONSTRAINT product_product_imag_product_id_cac03c7f_fk_product_p FOREIGN KEY (product_id) REFERENCES public.product_product(id) DEFERRABLE INITIALLY DEFERRED;


--
-- Name: product_product_images product_product_images_image_id_c34c90b2_fk_user_image_id; Type: FK CONSTRAINT; Schema: public; Owner: postgres
--

ALTER TABLE ONLY public.product_product_images
    ADD CONSTRAINT product_product_images_image_id_c34c90b2_fk_user_image_id FOREIGN KEY (image_id) REFERENCES public.user_image(id) DEFERRABLE INITIALLY DEFERRED;


--
-- Name: product_product_reviews product_product_revi_product_id_eae79dc1_fk_product_p; Type: FK CONSTRAINT; Schema: public; Owner: postgres
--

ALTER TABLE ONLY public.product_product_reviews
    ADD CONSTRAINT product_product_revi_product_id_eae79dc1_fk_product_p FOREIGN KEY (product_id) REFERENCES public.product_product(id) DEFERRABLE INITIALLY DEFERRED;


--
-- Name: product_product_reviews product_product_reviews_review_id_18f43d6c_fk_product_review_id; Type: FK CONSTRAINT; Schema: public; Owner: postgres
--

ALTER TABLE ONLY public.product_product_reviews
    ADD CONSTRAINT product_product_reviews_review_id_18f43d6c_fk_product_review_id FOREIGN KEY (review_id) REFERENCES public.product_review(id) DEFERRABLE INITIALLY DEFERRED;


--
-- Name: product_product_specifications product_product_spec_product_id_2a83b6c1_fk_product_p; Type: FK CONSTRAINT; Schema: public; Owner: postgres
--

ALTER TABLE ONLY public.product_product_specifications
    ADD CONSTRAINT product_product_spec_product_id_2a83b6c1_fk_product_p FOREIGN KEY (product_id) REFERENCES public.product_product(id) DEFERRABLE INITIALLY DEFERRED;


--
-- Name: product_product_specifications product_product_spec_specification_id_c0026120_fk_product_s; Type: FK CONSTRAINT; Schema: public; Owner: postgres
--

ALTER TABLE ONLY public.product_product_specifications
    ADD CONSTRAINT product_product_spec_specification_id_c0026120_fk_product_s FOREIGN KEY (specification_id) REFERENCES public.product_specification(id) DEFERRABLE INITIALLY DEFERRED;


--
-- Name: product_product_tags product_product_tags_product_id_a72c644e_fk_product_product_id; Type: FK CONSTRAINT; Schema: public; Owner: postgres
--

ALTER TABLE ONLY public.product_product_tags
    ADD CONSTRAINT product_product_tags_product_id_a72c644e_fk_product_product_id FOREIGN KEY (product_id) REFERENCES public.product_product(id) DEFERRABLE INITIALLY DEFERRED;


--
-- Name: product_product_tags product_product_tags_tag_id_2e44bb40_fk_product_tag_id; Type: FK CONSTRAINT; Schema: public; Owner: postgres
--

ALTER TABLE ONLY public.product_product_tags
    ADD CONSTRAINT product_product_tags_tag_id_2e44bb40_fk_product_tag_id FOREIGN KEY (tag_id) REFERENCES public.product_tag(id) DEFERRABLE INITIALLY DEFERRED;


--
-- Name: product_saleitem product_saleitem_product_id_5cfb6595_fk_product_product_id; Type: FK CONSTRAINT; Schema: public; Owner: postgres
--

ALTER TABLE ONLY public.product_saleitem
    ADD CONSTRAINT product_saleitem_product_id_5cfb6595_fk_product_product_id FOREIGN KEY (product_id) REFERENCES public.product_product(id) DEFERRABLE INITIALLY DEFERRED;


--
-- Name: user_user user_user_avatar_id_2f17bd29_fk_user_image_id; Type: FK CONSTRAINT; Schema: public; Owner: postgres
--

ALTER TABLE ONLY public.user_user
    ADD CONSTRAINT user_user_avatar_id_2f17bd29_fk_user_image_id FOREIGN KEY (avatar_id) REFERENCES public.user_image(id) DEFERRABLE INITIALLY DEFERRED;


--
-- Name: user_user_groups user_user_groups_group_id_c57f13c0_fk_auth_group_id; Type: FK CONSTRAINT; Schema: public; Owner: postgres
--

ALTER TABLE ONLY public.user_user_groups
    ADD CONSTRAINT user_user_groups_group_id_c57f13c0_fk_auth_group_id FOREIGN KEY (group_id) REFERENCES public.auth_group(id) DEFERRABLE INITIALLY DEFERRED;


--
-- Name: user_user_groups user_user_groups_user_id_13f9a20d_fk_user_user_id; Type: FK CONSTRAINT; Schema: public; Owner: postgres
--

ALTER TABLE ONLY public.user_user_groups
    ADD CONSTRAINT user_user_groups_user_id_13f9a20d_fk_user_user_id FOREIGN KEY (user_id) REFERENCES public.user_user(id) DEFERRABLE INITIALLY DEFERRED;


--
-- Name: user_user_user_permissions user_user_user_permi_permission_id_ce49d4de_fk_auth_perm; Type: FK CONSTRAINT; Schema: public; Owner: postgres
--

ALTER TABLE ONLY public.user_user_user_permissions
    ADD CONSTRAINT user_user_user_permi_permission_id_ce49d4de_fk_auth_perm FOREIGN KEY (permission_id) REFERENCES public.auth_permission(id) DEFERRABLE INITIALLY DEFERRED;


--
-- Name: user_user_user_permissions user_user_user_permissions_user_id_31782f58_fk_user_user_id; Type: FK CONSTRAINT; Schema: public; Owner: postgres
--

ALTER TABLE ONLY public.user_user_user_permissions
    ADD CONSTRAINT user_user_user_permissions_user_id_31782f58_fk_user_user_id FOREIGN KEY (user_id) REFERENCES public.user_user(id) DEFERRABLE INITIALLY DEFERRED;


--
-- PostgreSQL database dump complete
--

